{
    "$schema": "https://schema.management.azure.com/schemas/2015-01-01/deploymentParameters.json#",
    "contentVersion": "1.0.0.0",
    "parameters": {
        "vulnerabilityAssessments_Default_storageContainerPath": {
            "value": null
        },
        "vulnerabilityAssessments_Default_storageContainerSasKey": {
            "value": null
        },
        "vulnerabilityAssessments_Default_storageContainerPath_1": {
            "value": null
        },
        "vulnerabilityAssessments_Default_storageContainerSasKey_1": {
            "value": null
        },
        "sites_skynet_ciber_name": {
            "value": null
        },
        "servers_skynet_ciber_name": {
            "value": null
        },
        "sites_skynet_ciber_spa_name": {
            "value": null
        },
        "config_web_name": {
            "value": null
        },
        "serverfarms_SkynetAppServicePlan_name": {
            "value": null
        },
        "config_web_name_1": {
            "value": null
        },
        "serverfarms_SkynetSPAAppServicePlan_name": {
            "value": null
        },
        "databases_skynet_name": {
            "value": null
        },
        "firewallRules_All_name": {
            "value": null
        },
        "advisors_DropIndex_name": {
            "value": null
        },
        "keys_ServiceManaged_name": {
            "value": null
        },
        "advisors_CreateIndex_name": {
            "value": null
        },
        "advisors_DefragmentIndex_name": {
            "value": null
        },
        "auditingPolicies_Default_name": {
            "value": null
        },
        "advisors_ForceLastGoodPlan_name": {
            "value": null
        },
        "advisors_DbParameterization_name": {
            "value": null
        },
        "encryptionProtector_current_name": {
            "value": null
        },
        "alertrules_ServerErrors_webSiteeud2sjcuay75y_name": {
            "value": null
        },
        "alertrules_ForbiddenRequests_webSiteeud2sjcuay75y_name": {
            "value": null
        },
        "advisors_DropIndex_name_1": {
            "value": null
        },
        "alertrules_CPUHigh_app_ciber_hosting_plan_demo_azure_name": {
            "value": null
        },
        "firewallRules_AllowAllWindowsAzureIps_name": {
            "value": null
        },
        "advisors_CreateIndex_name_1": {
            "value": null
        },
        "auditingPolicies_Default_name_1": {
            "value": null
        },
        "databases_master_name": {
            "value": null
        },
        "advisors_DefragmentIndex_name_1": {
            "value": null
        },
        "auditingPolicies_Default_name_2": {
            "value": null
        },
        "alertrules_LongHttpQueue_app_ciber_hosting_plan_demo_azure_name": {
            "value": null
        },
        "geoBackupPolicies_Default_name": {
            "value": null
        },
        "geoBackupPolicies_Default_name_1": {
            "value": null
        },
        "advisors_ForceLastGoodPlan_name_1": {
            "value": null
        },
        "advisors_DbParameterization_name_1": {
            "value": null
        },
        "hostNameBindings_skynet_ciber.azurewebsites.net_name": {
            "value": null
        },
        "vulnerabilityAssessments_Default_name": {
            "value": null
        },
        "vulnerabilityAssessments_Default_name_1": {
            "value": null
        },
        "transparentDataEncryption_current_name": {
            "value": null
        },
        "transparentDataEncryption_current_name_1": {
            "value": null
        },
        "hostNameBindings_skynet_ciber_spa.azurewebsites.net_name": {
            "value": null
        },
        "autoscalesettings_app_ciber_hosting_plan_demo_azure_ResearchDevelopment_name": {
            "value": null
        },
        "alertrules_CPUHigh_app_ciber_hosting_plan_demo_azure_resourceUri": {
            "value": null
        },
        "alertrules_ForbiddenRequests_webSiteeud2sjcuay75y_resourceUri": {
            "value": null
        },
        "alertrules_LongHttpQueue_app_ciber_hosting_plan_demo_azure_resourceUri": {
            "value": null
        },
        "alertrules_ServerErrors_webSiteeud2sjcuay75y_resourceUri": {
            "value": null
        },
        "autoscalesettings_app_ciber_hosting_plan_demo_azure_ResearchDevelopment_metricResourceUri": {
            "value": null
        },
        "autoscalesettings_app_ciber_hosting_plan_demo_azure_ResearchDevelopment_metricResourceUri_1": {
            "value": null
        },
        "autoscalesettings_app_ciber_hosting_plan_demo_azure_ResearchDevelopment_targetResourceUri": {
            "value": null
        }
    }
}