{
    "$schema": "https://schema.management.azure.com/schemas/2015-01-01/deploymentTemplate.json#",
    "contentVersion": "1.0.0.0",
    "parameters": {
        "vulnerabilityAssessments_Default_storageContainerPath": {
            "defaultValue": null,
            "type": "SecureString"
        },
        "vulnerabilityAssessments_Default_storageContainerSasKey": {
            "defaultValue": null,
            "type": "SecureString"
        },
        "vulnerabilityAssessments_Default_storageContainerPath_1": {
            "defaultValue": null,
            "type": "SecureString"
        },
        "vulnerabilityAssessments_Default_storageContainerSasKey_1": {
            "defaultValue": null,
            "type": "SecureString"
        },
        "sites_skynet_ciber_name": {
            "defaultValue": "skynet-ciber",
            "type": "String"
        },
        "servers_skynet_ciber_name": {
            "defaultValue": "skynet-ciber",
            "type": "String"
        },
        "sites_skynet_ciber_spa_name": {
            "defaultValue": "skynet-ciber-spa",
            "type": "String"
        },
        "config_web_name": {
            "defaultValue": "web",
            "type": "String"
        },
        "serverfarms_SkynetAppServicePlan_name": {
            "defaultValue": "SkynetAppServicePlan",
            "type": "String"
        },
        "config_web_name_1": {
            "defaultValue": "web",
            "type": "String"
        },
        "serverfarms_SkynetSPAAppServicePlan_name": {
            "defaultValue": "SkynetSPAAppServicePlan",
            "type": "String"
        },
        "databases_skynet_name": {
            "defaultValue": "skynet",
            "type": "String"
        },
        "firewallRules_All_name": {
            "defaultValue": "All",
            "type": "String"
        },
        "advisors_DropIndex_name": {
            "defaultValue": "DropIndex",
            "type": "String"
        },
        "keys_ServiceManaged_name": {
            "defaultValue": "ServiceManaged",
            "type": "String"
        },
        "advisors_CreateIndex_name": {
            "defaultValue": "CreateIndex",
            "type": "String"
        },
        "advisors_DefragmentIndex_name": {
            "defaultValue": "DefragmentIndex",
            "type": "String"
        },
        "auditingPolicies_Default_name": {
            "defaultValue": "Default",
            "type": "String"
        },
        "advisors_ForceLastGoodPlan_name": {
            "defaultValue": "ForceLastGoodPlan",
            "type": "String"
        },
        "advisors_DbParameterization_name": {
            "defaultValue": "DbParameterization",
            "type": "String"
        },
        "encryptionProtector_current_name": {
            "defaultValue": "current",
            "type": "String"
        },
        "alertrules_ServerErrors_webSiteeud2sjcuay75y_name": {
            "defaultValue": "ServerErrors webSiteeud2sjcuay75y",
            "type": "String"
        },
        "alertrules_ForbiddenRequests_webSiteeud2sjcuay75y_name": {
            "defaultValue": "ForbiddenRequests webSiteeud2sjcuay75y",
            "type": "String"
        },
        "advisors_DropIndex_name_1": {
            "defaultValue": "DropIndex",
            "type": "String"
        },
        "alertrules_CPUHigh_app_ciber_hosting_plan_demo_azure_name": {
            "defaultValue": "CPUHigh app-ciber-hosting-plan-demo-azure",
            "type": "String"
        },
        "firewallRules_AllowAllWindowsAzureIps_name": {
            "defaultValue": "AllowAllWindowsAzureIps",
            "type": "String"
        },
        "advisors_CreateIndex_name_1": {
            "defaultValue": "CreateIndex",
            "type": "String"
        },
        "auditingPolicies_Default_name_1": {
            "defaultValue": "Default",
            "type": "String"
        },
        "databases_master_name": {
            "defaultValue": "master",
            "type": "String"
        },
        "advisors_DefragmentIndex_name_1": {
            "defaultValue": "DefragmentIndex",
            "type": "String"
        },
        "auditingPolicies_Default_name_2": {
            "defaultValue": "Default",
            "type": "String"
        },
        "alertrules_LongHttpQueue_app_ciber_hosting_plan_demo_azure_name": {
            "defaultValue": "LongHttpQueue app-ciber-hosting-plan-demo-azure",
            "type": "String"
        },
        "geoBackupPolicies_Default_name": {
            "defaultValue": "Default",
            "type": "String"
        },
        "geoBackupPolicies_Default_name_1": {
            "defaultValue": "Default",
            "type": "String"
        },
        "advisors_ForceLastGoodPlan_name_1": {
            "defaultValue": "ForceLastGoodPlan",
            "type": "String"
        },
        "advisors_DbParameterization_name_1": {
            "defaultValue": "DbParameterization",
            "type": "String"
        },
        "hostNameBindings_skynet_ciber.azurewebsites.net_name": {
            "defaultValue": "skynet-ciber.azurewebsites.net",
            "type": "String"
        },
        "vulnerabilityAssessments_Default_name": {
            "defaultValue": "Default",
            "type": "String"
        },
        "vulnerabilityAssessments_Default_name_1": {
            "defaultValue": "Default",
            "type": "String"
        },
        "transparentDataEncryption_current_name": {
            "defaultValue": "current",
            "type": "String"
        },
        "transparentDataEncryption_current_name_1": {
            "defaultValue": "current",
            "type": "String"
        },
        "hostNameBindings_skynet_ciber_spa.azurewebsites.net_name": {
            "defaultValue": "skynet-ciber-spa.azurewebsites.net",
            "type": "String"
        },
        "autoscalesettings_app_ciber_hosting_plan_demo_azure_ResearchDevelopment_name": {
            "defaultValue": "app-ciber-hosting-plan-demo-azure-ResearchDevelopment",
            "type": "String"
        },
        "alertrules_CPUHigh_app_ciber_hosting_plan_demo_azure_resourceUri": {
            "defaultValue": "/subscriptions/358784e2-1654-473c-8ae1-bfe42bde7586/resourceGroups/ResearchDevelopment/providers/Microsoft.Web/serverfarms/app-ciber-hosting-plan-demo-azure",
            "type": "String"
        },
        "alertrules_ForbiddenRequests_webSiteeud2sjcuay75y_resourceUri": {
            "defaultValue": "/subscriptions/358784e2-1654-473c-8ae1-bfe42bde7586/resourceGroups/ResearchDevelopment/providers/Microsoft.Web/sites/webSiteeud2sjcuay75y",
            "type": "String"
        },
        "alertrules_LongHttpQueue_app_ciber_hosting_plan_demo_azure_resourceUri": {
            "defaultValue": "/subscriptions/358784e2-1654-473c-8ae1-bfe42bde7586/resourceGroups/ResearchDevelopment/providers/Microsoft.Web/serverfarms/app-ciber-hosting-plan-demo-azure",
            "type": "String"
        },
        "alertrules_ServerErrors_webSiteeud2sjcuay75y_resourceUri": {
            "defaultValue": "/subscriptions/358784e2-1654-473c-8ae1-bfe42bde7586/resourceGroups/ResearchDevelopment/providers/Microsoft.Web/sites/webSiteeud2sjcuay75y",
            "type": "String"
        },
        "autoscalesettings_app_ciber_hosting_plan_demo_azure_ResearchDevelopment_metricResourceUri": {
            "defaultValue": "/subscriptions/358784e2-1654-473c-8ae1-bfe42bde7586/resourceGroups/ResearchDevelopment/providers/Microsoft.Web/serverfarms/app-ciber-hosting-plan-demo-azure",
            "type": "String"
        },
        "autoscalesettings_app_ciber_hosting_plan_demo_azure_ResearchDevelopment_metricResourceUri_1": {
            "defaultValue": "/subscriptions/358784e2-1654-473c-8ae1-bfe42bde7586/resourceGroups/ResearchDevelopment/providers/Microsoft.Web/serverfarms/app-ciber-hosting-plan-demo-azure",
            "type": "String"
        },
        "autoscalesettings_app_ciber_hosting_plan_demo_azure_ResearchDevelopment_targetResourceUri": {
            "defaultValue": "/subscriptions/358784e2-1654-473c-8ae1-bfe42bde7586/resourceGroups/ResearchDevelopment/providers/Microsoft.Web/serverfarms/app-ciber-hosting-plan-demo-azure",
            "type": "String"
        }
    },
    "variables": {},
    "resources": [
        {
            "comments": "Generalized from resource: '/subscriptions/358784e2-1654-473c-8ae1-bfe42bde7586/resourceGroups/ResearchDevelopment/providers/microsoft.insights/alertrules/CPUHigh app-ciber-hosting-plan-demo-azure'.",
            "type": "microsoft.insights/alertrules",
            "name": "[parameters('alertrules_CPUHigh_app_ciber_hosting_plan_demo_azure_name')]",
            "apiVersion": "2014-04-01",
            "location": "francecentral",
            "tags": {
                "displayName": "CPUHighAlertRule",
                "hidden-link:/subscriptions/358784e2-1654-473c-8ae1-bfe42bde7586/resourceGroups/ResearchDevelopment/providers/Microsoft.Web/serverfarms/app-ciber-hosting-plan-demo-azure": "Resource"
            },
            "scale": null,
            "properties": {
                "name": "[parameters('alertrules_CPUHigh_app_ciber_hosting_plan_demo_azure_name')]",
                "description": "The average CPU is high across all the instances of app-ciber-hosting-plan-demo-azure",
                "isEnabled": false,
                "condition": {
                    "odata.type": "Microsoft.Azure.Management.Insights.Models.ThresholdRuleCondition",
                    "dataSource": {
                        "odata.type": "Microsoft.Azure.Management.Insights.Models.RuleMetricDataSource",
                        "resourceUri": "[parameters('alertrules_CPUHigh_app_ciber_hosting_plan_demo_azure_resourceUri')]",
                        "metricNamespace": null,
                        "metricName": "CpuPercentage"
                    },
                    "operator": "GreaterThan",
                    "threshold": 90,
                    "windowSize": "PT15M"
                },
                "action": {
                    "odata.type": "Microsoft.Azure.Management.Insights.Models.RuleEmailAction",
                    "sendToServiceOwners": true,
                    "customEmails": []
                }
            },
            "dependsOn": []
        },
        {
            "comments": "Generalized from resource: '/subscriptions/358784e2-1654-473c-8ae1-bfe42bde7586/resourceGroups/ResearchDevelopment/providers/microsoft.insights/alertrules/ForbiddenRequests webSiteeud2sjcuay75y'.",
            "type": "microsoft.insights/alertrules",
            "name": "[parameters('alertrules_ForbiddenRequests_webSiteeud2sjcuay75y_name')]",
            "apiVersion": "2014-04-01",
            "location": "francecentral",
            "tags": {
                "displayName": "ForbiddenRequestsAlertRule",
                "hidden-link:/subscriptions/358784e2-1654-473c-8ae1-bfe42bde7586/resourceGroups/ResearchDevelopment/providers/Microsoft.Web/sites/webSiteeud2sjcuay75y": "Resource"
            },
            "scale": null,
            "properties": {
                "name": "[parameters('alertrules_ForbiddenRequests_webSiteeud2sjcuay75y_name')]",
                "description": "webSiteeud2sjcuay75y has some requests that are forbidden, status code 403.",
                "isEnabled": false,
                "condition": {
                    "odata.type": "Microsoft.Azure.Management.Insights.Models.ThresholdRuleCondition",
                    "dataSource": {
                        "odata.type": "Microsoft.Azure.Management.Insights.Models.RuleMetricDataSource",
                        "resourceUri": "[parameters('alertrules_ForbiddenRequests_webSiteeud2sjcuay75y_resourceUri')]",
                        "metricNamespace": null,
                        "metricName": "Http403"
                    },
                    "operator": "GreaterThan",
                    "threshold": 0,
                    "windowSize": "PT5M"
                },
                "action": {
                    "odata.type": "Microsoft.Azure.Management.Insights.Models.RuleEmailAction",
                    "sendToServiceOwners": true,
                    "customEmails": []
                }
            },
            "dependsOn": []
        },
        {
            "comments": "Generalized from resource: '/subscriptions/358784e2-1654-473c-8ae1-bfe42bde7586/resourceGroups/ResearchDevelopment/providers/microsoft.insights/alertrules/LongHttpQueue app-ciber-hosting-plan-demo-azure'.",
            "type": "microsoft.insights/alertrules",
            "name": "[parameters('alertrules_LongHttpQueue_app_ciber_hosting_plan_demo_azure_name')]",
            "apiVersion": "2014-04-01",
            "location": "francecentral",
            "tags": {
                "displayName": "LongHttpQueueAlertRule",
                "hidden-link:/subscriptions/358784e2-1654-473c-8ae1-bfe42bde7586/resourceGroups/ResearchDevelopment/providers/Microsoft.Web/serverfarms/app-ciber-hosting-plan-demo-azure": "Resource"
            },
            "scale": null,
            "properties": {
                "name": "[parameters('alertrules_LongHttpQueue_app_ciber_hosting_plan_demo_azure_name')]",
                "description": "The HTTP queue for the instances of app-ciber-hosting-plan-demo-azure has a large number of pending requests.",
                "isEnabled": false,
                "condition": {
                    "odata.type": "Microsoft.Azure.Management.Insights.Models.ThresholdRuleCondition",
                    "dataSource": {
                        "odata.type": "Microsoft.Azure.Management.Insights.Models.RuleMetricDataSource",
                        "resourceUri": "[parameters('alertrules_LongHttpQueue_app_ciber_hosting_plan_demo_azure_resourceUri')]",
                        "metricNamespace": null,
                        "metricName": "HttpQueueLength"
                    },
                    "operator": "GreaterThan",
                    "threshold": 100,
                    "windowSize": "PT5M"
                },
                "action": {
                    "odata.type": "Microsoft.Azure.Management.Insights.Models.RuleEmailAction",
                    "sendToServiceOwners": true,
                    "customEmails": []
                }
            },
            "dependsOn": []
        },
        {
            "comments": "Generalized from resource: '/subscriptions/358784e2-1654-473c-8ae1-bfe42bde7586/resourceGroups/ResearchDevelopment/providers/microsoft.insights/alertrules/ServerErrors webSiteeud2sjcuay75y'.",
            "type": "microsoft.insights/alertrules",
            "name": "[parameters('alertrules_ServerErrors_webSiteeud2sjcuay75y_name')]",
            "apiVersion": "2014-04-01",
            "location": "francecentral",
            "tags": {
                "displayName": "ServerErrorsAlertRule",
                "hidden-link:/subscriptions/358784e2-1654-473c-8ae1-bfe42bde7586/resourceGroups/ResearchDevelopment/providers/Microsoft.Web/sites/webSiteeud2sjcuay75y": "Resource"
            },
            "scale": null,
            "properties": {
                "name": "[parameters('alertrules_ServerErrors_webSiteeud2sjcuay75y_name')]",
                "description": "webSiteeud2sjcuay75y has some server errors, status code 5xx.",
                "isEnabled": false,
                "condition": {
                    "odata.type": "Microsoft.Azure.Management.Insights.Models.ThresholdRuleCondition",
                    "dataSource": {
                        "odata.type": "Microsoft.Azure.Management.Insights.Models.RuleMetricDataSource",
                        "resourceUri": "[parameters('alertrules_ServerErrors_webSiteeud2sjcuay75y_resourceUri')]",
                        "metricNamespace": null,
                        "metricName": "Http5xx"
                    },
                    "operator": "GreaterThan",
                    "threshold": 0,
                    "windowSize": "PT5M"
                },
                "action": {
                    "odata.type": "Microsoft.Azure.Management.Insights.Models.RuleEmailAction",
                    "sendToServiceOwners": true,
                    "customEmails": []
                }
            },
            "dependsOn": []
        },
        {
            "comments": "Generalized from resource: '/subscriptions/358784e2-1654-473c-8ae1-bfe42bde7586/resourceGroups/ResearchDevelopment/providers/microsoft.insights/autoscalesettings/app-ciber-hosting-plan-demo-azure-ResearchDevelopment'.",
            "type": "microsoft.insights/autoscalesettings",
            "name": "[parameters('autoscalesettings_app_ciber_hosting_plan_demo_azure_ResearchDevelopment_name')]",
            "apiVersion": "2014-04-01",
            "location": "francecentral",
            "tags": {
                "displayName": "AutoScaleSettings",
                "hidden-link:/subscriptions/358784e2-1654-473c-8ae1-bfe42bde7586/resourceGroups/ResearchDevelopment/providers/Microsoft.Web/serverfarms/app-ciber-hosting-plan-demo-azure": "Resource"
            },
            "scale": null,
            "properties": {
                "profiles": [
                    {
                        "name": "Default",
                        "capacity": {
                            "minimum": "1",
                            "maximum": "2",
                            "default": "1"
                        },
                        "rules": [
                            {
                                "metricTrigger": {
                                    "metricName": "CpuPercentage",
                                    "metricNamespace": "",
                                    "metricResourceUri": "[parameters('autoscalesettings_app_ciber_hosting_plan_demo_azure_ResearchDevelopment_metricResourceUri')]",
                                    "timeGrain": "PT1M",
                                    "statistic": "Average",
                                    "timeWindow": "PT10M",
                                    "timeAggregation": "Average",
                                    "operator": "GreaterThan",
                                    "threshold": 80,
                                    "dimensions": null
                                },
                                "scaleAction": {
                                    "direction": "Increase",
                                    "type": "ChangeCount",
                                    "value": "1",
                                    "cooldown": "PT10M"
                                }
                            },
                            {
                                "metricTrigger": {
                                    "metricName": "CpuPercentage",
                                    "metricNamespace": "",
                                    "metricResourceUri": "[parameters('autoscalesettings_app_ciber_hosting_plan_demo_azure_ResearchDevelopment_metricResourceUri_1')]",
                                    "timeGrain": "PT1M",
                                    "statistic": "Average",
                                    "timeWindow": "PT1H",
                                    "timeAggregation": "Average",
                                    "operator": "LessThan",
                                    "threshold": 60,
                                    "dimensions": null
                                },
                                "scaleAction": {
                                    "direction": "Decrease",
                                    "type": "ChangeCount",
                                    "value": "1",
                                    "cooldown": "PT1H"
                                }
                            }
                        ]
                    }
                ],
                "enabled": false,
                "name": "[parameters('autoscalesettings_app_ciber_hosting_plan_demo_azure_ResearchDevelopment_name')]",
                "targetResourceUri": "[parameters('autoscalesettings_app_ciber_hosting_plan_demo_azure_ResearchDevelopment_targetResourceUri')]"
            },
            "dependsOn": []
        },
        {
            "comments": "Generalized from resource: '/subscriptions/358784e2-1654-473c-8ae1-bfe42bde7586/resourceGroups/ResearchDevelopment/providers/Microsoft.Sql/servers/skynet-ciber'.",
            "type": "Microsoft.Sql/servers",
            "kind": "v12.0",
            "name": "[parameters('servers_skynet_ciber_name')]",
            "apiVersion": "2015-05-01-preview",
            "location": "francecentral",
            "scale": null,
            "properties": {
                "administratorLogin": "kerberos",
                "version": "12.0"
            },
            "dependsOn": []
        },
        {
            "comments": "Generalized from resource: '/subscriptions/358784e2-1654-473c-8ae1-bfe42bde7586/resourceGroups/ResearchDevelopment/providers/Microsoft.Web/serverfarms/SkynetAppServicePlan'.",
            "type": "Microsoft.Web/serverfarms",
            "sku": {
                "name": "F1",
                "tier": "Free",
                "size": "F1",
                "family": "F",
                "capacity": 0
            },
            "kind": "app",
            "name": "[parameters('serverfarms_SkynetAppServicePlan_name')]",
            "apiVersion": "2016-09-01",
            "location": "Central US",
            "scale": null,
            "properties": {
                "name": "[parameters('serverfarms_SkynetAppServicePlan_name')]",
                "workerTierName": null,
                "adminSiteName": null,
                "hostingEnvironmentProfile": null,
                "perSiteScaling": false,
                "reserved": false,
                "targetWorkerCount": 0,
                "targetWorkerSizeId": 0
            },
            "dependsOn": []
        },
        {
            "comments": "Generalized from resource: '/subscriptions/358784e2-1654-473c-8ae1-bfe42bde7586/resourceGroups/ResearchDevelopment/providers/Microsoft.Web/serverfarms/SkynetSPAAppServicePlan'.",
            "type": "Microsoft.Web/serverfarms",
            "sku": {
                "name": "F1",
                "tier": "Free",
                "size": "F1",
                "family": "F",
                "capacity": 0
            },
            "kind": "app",
            "name": "[parameters('serverfarms_SkynetSPAAppServicePlan_name')]",
            "apiVersion": "2016-09-01",
            "location": "Central US",
            "scale": null,
            "properties": {
                "name": "[parameters('serverfarms_SkynetSPAAppServicePlan_name')]",
                "workerTierName": null,
                "adminSiteName": null,
                "hostingEnvironmentProfile": null,
                "perSiteScaling": false,
                "reserved": false,
                "targetWorkerCount": 0,
                "targetWorkerSizeId": 0
            },
            "dependsOn": []
        },
        {
            "comments": "Generalized from resource: '/subscriptions/358784e2-1654-473c-8ae1-bfe42bde7586/resourceGroups/ResearchDevelopment/providers/Microsoft.Web/sites/skynet-ciber'.",
            "type": "Microsoft.Web/sites",
            "kind": "app",
            "name": "[parameters('sites_skynet_ciber_name')]",
            "apiVersion": "2016-08-01",
            "location": "Central US",
            "scale": null,
            "properties": {
                "enabled": true,
                "hostNameSslStates": [
                    {
                        "name": "[concat(parameters('sites_skynet_ciber_name'),'.azurewebsites.net')]",
                        "sslState": "Disabled",
                        "virtualIP": null,
                        "thumbprint": null,
                        "toUpdate": null,
                        "hostType": "Standard"
                    },
                    {
                        "name": "[concat(parameters('sites_skynet_ciber_name'),'.scm.azurewebsites.net')]",
                        "sslState": "Disabled",
                        "virtualIP": null,
                        "thumbprint": null,
                        "toUpdate": null,
                        "hostType": "Repository"
                    }
                ],
                "serverFarmId": "[resourceId('Microsoft.Web/serverfarms', parameters('serverfarms_SkynetAppServicePlan_name'))]",
                "reserved": false,
                "siteConfig": null,
                "scmSiteAlsoStopped": false,
                "hostingEnvironmentProfile": null,
                "clientAffinityEnabled": true,
                "clientCertEnabled": false,
                "hostNamesDisabled": false,
                "containerSize": 0,
                "dailyMemoryTimeQuota": 0,
                "cloningInfo": null,
                "httpsOnly": false
            },
            "dependsOn": [
                "[resourceId('Microsoft.Web/serverfarms', parameters('serverfarms_SkynetAppServicePlan_name'))]"
            ]
        },
        {
            "comments": "Generalized from resource: '/subscriptions/358784e2-1654-473c-8ae1-bfe42bde7586/resourceGroups/ResearchDevelopment/providers/Microsoft.Web/sites/skynet-ciber-spa'.",
            "type": "Microsoft.Web/sites",
            "kind": "app",
            "name": "[parameters('sites_skynet_ciber_spa_name')]",
            "apiVersion": "2016-08-01",
            "location": "Central US",
            "scale": null,
            "properties": {
                "enabled": true,
                "hostNameSslStates": [
                    {
                        "name": "[concat(parameters('sites_skynet_ciber_spa_name'),'.azurewebsites.net')]",
                        "sslState": "Disabled",
                        "virtualIP": null,
                        "thumbprint": null,
                        "toUpdate": null,
                        "hostType": "Standard"
                    },
                    {
                        "name": "[concat(parameters('sites_skynet_ciber_spa_name'),'.scm.azurewebsites.net')]",
                        "sslState": "Disabled",
                        "virtualIP": null,
                        "thumbprint": null,
                        "toUpdate": null,
                        "hostType": "Repository"
                    }
                ],
                "serverFarmId": "[resourceId('Microsoft.Web/serverfarms', parameters('serverfarms_SkynetSPAAppServicePlan_name'))]",
                "reserved": false,
                "siteConfig": null,
                "scmSiteAlsoStopped": false,
                "hostingEnvironmentProfile": null,
                "clientAffinityEnabled": true,
                "clientCertEnabled": false,
                "hostNamesDisabled": false,
                "containerSize": 0,
                "dailyMemoryTimeQuota": 0,
                "cloningInfo": null,
                "httpsOnly": false
            },
            "dependsOn": [
                "[resourceId('Microsoft.Web/serverfarms', parameters('serverfarms_SkynetSPAAppServicePlan_name'))]"
            ]
        },
        {
            "comments": "Generalized from resource: '/subscriptions/358784e2-1654-473c-8ae1-bfe42bde7586/resourceGroups/ResearchDevelopment/providers/Microsoft.Sql/servers/skynet-ciber/advisors/CreateIndex'.",
            "type": "Microsoft.Sql/servers/advisors",
            "name": "[concat(parameters('servers_skynet_ciber_name'), '/', parameters('advisors_CreateIndex_name'))]",
            "apiVersion": "2014-04-01",
            "scale": null,
            "properties": {
                "autoExecuteValue": "Disabled"
            },
            "dependsOn": [
                "[resourceId('Microsoft.Sql/servers', parameters('servers_skynet_ciber_name'))]"
            ]
        },
        {
            "comments": "Generalized from resource: '/subscriptions/358784e2-1654-473c-8ae1-bfe42bde7586/resourceGroups/ResearchDevelopment/providers/Microsoft.Sql/servers/skynet-ciber/advisors/DropIndex'.",
            "type": "Microsoft.Sql/servers/advisors",
            "name": "[concat(parameters('servers_skynet_ciber_name'), '/', parameters('advisors_DropIndex_name'))]",
            "apiVersion": "2014-04-01",
            "scale": null,
            "properties": {
                "autoExecuteValue": "Disabled"
            },
            "dependsOn": [
                "[resourceId('Microsoft.Sql/servers', parameters('servers_skynet_ciber_name'))]"
            ]
        },
        {
            "comments": "Generalized from resource: '/subscriptions/358784e2-1654-473c-8ae1-bfe42bde7586/resourceGroups/ResearchDevelopment/providers/Microsoft.Sql/servers/skynet-ciber/advisors/DbParameterization'.",
            "type": "Microsoft.Sql/servers/advisors",
            "name": "[concat(parameters('servers_skynet_ciber_name'), '/', parameters('advisors_DbParameterization_name'))]",
            "apiVersion": "2014-04-01",
            "scale": null,
            "properties": {
                "autoExecuteValue": "Disabled"
            },
            "dependsOn": [
                "[resourceId('Microsoft.Sql/servers', parameters('servers_skynet_ciber_name'))]"
            ]
        },
        {
            "comments": "Generalized from resource: '/subscriptions/358784e2-1654-473c-8ae1-bfe42bde7586/resourceGroups/ResearchDevelopment/providers/Microsoft.Sql/servers/skynet-ciber/advisors/DefragmentIndex'.",
            "type": "Microsoft.Sql/servers/advisors",
            "name": "[concat(parameters('servers_skynet_ciber_name'), '/', parameters('advisors_DefragmentIndex_name'))]",
            "apiVersion": "2014-04-01",
            "scale": null,
            "properties": {
                "autoExecuteValue": "Disabled"
            },
            "dependsOn": [
                "[resourceId('Microsoft.Sql/servers', parameters('servers_skynet_ciber_name'))]"
            ]
        },
        {
            "comments": "Generalized from resource: '/subscriptions/358784e2-1654-473c-8ae1-bfe42bde7586/resourceGroups/ResearchDevelopment/providers/Microsoft.Sql/servers/skynet-ciber/advisors/ForceLastGoodPlan'.",
            "type": "Microsoft.Sql/servers/advisors",
            "name": "[concat(parameters('servers_skynet_ciber_name'), '/', parameters('advisors_ForceLastGoodPlan_name'))]",
            "apiVersion": "2014-04-01",
            "scale": null,
            "properties": {
                "autoExecuteValue": "Disabled"
            },
            "dependsOn": [
                "[resourceId('Microsoft.Sql/servers', parameters('servers_skynet_ciber_name'))]"
            ]
        },
        {
            "comments": "Generalized from resource: '/subscriptions/358784e2-1654-473c-8ae1-bfe42bde7586/resourceGroups/ResearchDevelopment/providers/Microsoft.Sql/servers/skynet-ciber/auditingPolicies/Default'.",
            "type": "Microsoft.Sql/servers/auditingPolicies",
            "name": "[concat(parameters('servers_skynet_ciber_name'), '/', parameters('auditingPolicies_Default_name'))]",
            "apiVersion": "2014-04-01",
            "location": "France Central",
            "scale": null,
            "properties": {
                "auditingState": "Disabled",
                "eventTypesToAudit": null,
                "storageAccountName": null,
                "storageAccountKey": null,
                "storageAccountSecondaryKey": null,
                "storageTableEndpoint": null,
                "storageAccountResourceGroupName": null,
                "storageAccountSubscriptionId": null,
                "fullAuditLogsTableName": null,
                "auditLogsTableName": null,
                "retentionDays": null
            },
            "dependsOn": [
                "[resourceId('Microsoft.Sql/servers', parameters('servers_skynet_ciber_name'))]"
            ]
        },
        {
            "comments": "Generalized from resource: '/subscriptions/358784e2-1654-473c-8ae1-bfe42bde7586/resourceGroups/ResearchDevelopment/providers/Microsoft.Sql/servers/skynet-ciber/databases/skynet'.",
            "type": "Microsoft.Sql/servers/databases",
            "sku": {
                "name": "Basic",
                "tier": "Basic"
            },
            "kind": "v12.0,user",
            "name": "[concat(parameters('servers_skynet_ciber_name'), '/', parameters('databases_skynet_name'))]",
            "apiVersion": "2017-03-01-preview",
            "location": "francecentral",
            "scale": null,
            "properties": {
                "collation": "SQL_Latin1_General_CP1_CI_AS",
                "maxSizeBytes": 2147483648,
                "catalogCollation": "SQL_Latin1_General_CP1_CI_AS",
                "zoneRedundant": false
            },
            "dependsOn": [
                "[resourceId('Microsoft.Sql/servers', parameters('servers_skynet_ciber_name'))]"
            ]
        },
        {
            "comments": "Generalized from resource: '/subscriptions/358784e2-1654-473c-8ae1-bfe42bde7586/resourceGroups/ResearchDevelopment/providers/Microsoft.Sql/servers/skynet-ciber/firewallRules/All'.",
            "type": "Microsoft.Sql/servers/firewallRules",
            "name": "[concat(parameters('servers_skynet_ciber_name'), '/', parameters('firewallRules_All_name'))]",
            "apiVersion": "2015-05-01-preview",
            "scale": null,
            "properties": {
                "startIpAddress": "0.0.0.0",
                "endIpAddress": "255.255.255.255"
            },
            "dependsOn": [
                "[resourceId('Microsoft.Sql/servers', parameters('servers_skynet_ciber_name'))]"
            ]
        },
        {
            "comments": "Generalized from resource: '/subscriptions/358784e2-1654-473c-8ae1-bfe42bde7586/resourceGroups/ResearchDevelopment/providers/Microsoft.Sql/servers/skynet-ciber/firewallRules/AllowAllWindowsAzureIps'.",
            "type": "Microsoft.Sql/servers/firewallRules",
            "name": "[concat(parameters('servers_skynet_ciber_name'), '/', parameters('firewallRules_AllowAllWindowsAzureIps_name'))]",
            "apiVersion": "2015-05-01-preview",
            "scale": null,
            "properties": {
                "startIpAddress": "0.0.0.0",
                "endIpAddress": "0.0.0.0"
            },
            "dependsOn": [
                "[resourceId('Microsoft.Sql/servers', parameters('servers_skynet_ciber_name'))]"
            ]
        },
        {
            "comments": "Generalized from resource: '/subscriptions/358784e2-1654-473c-8ae1-bfe42bde7586/resourceGroups/ResearchDevelopment/providers/Microsoft.Sql/servers/skynet-ciber/encryptionProtector/current'.",
            "type": "Microsoft.Sql/servers/encryptionProtector",
            "kind": "servicemanaged",
            "name": "[concat(parameters('servers_skynet_ciber_name'), '/', parameters('encryptionProtector_current_name'))]",
            "apiVersion": "2015-05-01-preview",
            "scale": null,
            "properties": {
                "serverKeyName": "ServiceManaged",
                "serverKeyType": "ServiceManaged"
            },
            "dependsOn": [
                "[resourceId('Microsoft.Sql/servers', parameters('servers_skynet_ciber_name'))]"
            ]
        },
        {
            "comments": "Generalized from resource: '/subscriptions/358784e2-1654-473c-8ae1-bfe42bde7586/resourceGroups/ResearchDevelopment/providers/Microsoft.Sql/servers/skynet-ciber/keys/ServiceManaged'.",
            "type": "Microsoft.Sql/servers/keys",
            "kind": "servicemanaged",
            "name": "[concat(parameters('servers_skynet_ciber_name'), '/', parameters('keys_ServiceManaged_name'))]",
            "apiVersion": "2015-05-01-preview",
            "scale": null,
            "properties": {
                "serverKeyType": "[parameters('keys_ServiceManaged_name')]"
            },
            "dependsOn": [
                "[resourceId('Microsoft.Sql/servers', parameters('servers_skynet_ciber_name'))]"
            ]
        },
        {
            "comments": "Generalized from resource: '/subscriptions/358784e2-1654-473c-8ae1-bfe42bde7586/resourceGroups/ResearchDevelopment/providers/Microsoft.Sql/servers/skynet-ciber/databases/master/auditingPolicies/Default'.",
            "type": "Microsoft.Sql/servers/databases/auditingPolicies",
            "name": "[concat(parameters('servers_skynet_ciber_name'), '/', parameters('databases_master_name'), '/', parameters('auditingPolicies_Default_name_1'))]",
            "apiVersion": "2014-04-01",
            "location": "France Central",
            "scale": null,
            "properties": {
                "auditingState": "Disabled",
                "eventTypesToAudit": null,
                "storageAccountName": null,
                "storageAccountKey": null,
                "storageAccountSecondaryKey": null,
                "storageTableEndpoint": null,
                "storageAccountResourceGroupName": null,
                "storageAccountSubscriptionId": null,
                "useServerDefault": null,
                "fullAuditLogsTableName": null,
                "auditLogsTableName": null,
                "retentionDays": null
            },
            "dependsOn": [
                "[resourceId('Microsoft.Sql/servers', parameters('servers_skynet_ciber_name'))]"
            ]
        },
        {
            "comments": "Generalized from resource: '/subscriptions/358784e2-1654-473c-8ae1-bfe42bde7586/resourceGroups/ResearchDevelopment/providers/Microsoft.Sql/servers/skynet-ciber/databases/master/geoBackupPolicies/Default'.",
            "type": "Microsoft.Sql/servers/databases/geoBackupPolicies",
            "name": "[concat(parameters('servers_skynet_ciber_name'), '/', parameters('databases_master_name'), '/', parameters('geoBackupPolicies_Default_name'))]",
            "apiVersion": "2014-04-01",
            "location": "France Central",
            "scale": null,
            "properties": {
                "state": "Enabled"
            },
            "dependsOn": [
                "[resourceId('Microsoft.Sql/servers', parameters('servers_skynet_ciber_name'))]"
            ]
        },
        {
            "comments": "Generalized from resource: '/subscriptions/358784e2-1654-473c-8ae1-bfe42bde7586/resourceGroups/ResearchDevelopment/providers/Microsoft.Sql/servers/skynet-ciber/databases/master/transparentDataEncryption/current'.",
            "type": "Microsoft.Sql/servers/databases/transparentDataEncryption",
            "name": "[concat(parameters('servers_skynet_ciber_name'), '/', parameters('databases_master_name'), '/', parameters('transparentDataEncryption_current_name'))]",
            "apiVersion": "2014-04-01",
            "location": "France Central",
            "scale": null,
            "properties": {
                "status": "Disabled"
            },
            "dependsOn": [
                "[resourceId('Microsoft.Sql/servers', parameters('servers_skynet_ciber_name'))]"
            ]
        },
        {
            "comments": "Generalized from resource: '/subscriptions/358784e2-1654-473c-8ae1-bfe42bde7586/resourceGroups/ResearchDevelopment/providers/Microsoft.Sql/servers/skynet-ciber/databases/master/vulnerabilityAssessments/Default'.",
            "type": "Microsoft.Sql/servers/databases/vulnerabilityAssessments",
            "name": "[concat(parameters('servers_skynet_ciber_name'), '/', parameters('databases_master_name'), '/', parameters('vulnerabilityAssessments_Default_name'))]",
            "apiVersion": "2017-03-01-preview",
            "scale": null,
            "properties": {
                "recurringScans": {
                    "isEnabled": false,
                    "emailSubscriptionAdmins": true
                },
                "storageContainerPath": "[parameters('vulnerabilityAssessments_Default_storageContainerPath')]",
                "storageContainerSasKey": "[parameters('vulnerabilityAssessments_Default_storageContainerSasKey')]"
            },
            "dependsOn": [
                "[resourceId('Microsoft.Sql/servers', parameters('servers_skynet_ciber_name'))]"
            ]
        },
        {
            "comments": "Generalized from resource: '/subscriptions/358784e2-1654-473c-8ae1-bfe42bde7586/resourceGroups/ResearchDevelopment/providers/Microsoft.Sql/servers/skynet-ciber/databases/skynet/advisors/CreateIndex'.",
            "type": "Microsoft.Sql/servers/databases/advisors",
            "name": "[concat(parameters('servers_skynet_ciber_name'), '/', parameters('databases_skynet_name'), '/', parameters('advisors_CreateIndex_name_1'))]",
            "apiVersion": "2014-04-01",
            "scale": null,
            "properties": {
                "autoExecuteValue": "Disabled"
            },
            "dependsOn": [
                "[resourceId('Microsoft.Sql/servers', parameters('servers_skynet_ciber_name'))]",
                "[resourceId('Microsoft.Sql/servers/databases', parameters('servers_skynet_ciber_name'), parameters('databases_skynet_name'))]"
            ]
        },
        {
            "comments": "Generalized from resource: '/subscriptions/358784e2-1654-473c-8ae1-bfe42bde7586/resourceGroups/ResearchDevelopment/providers/Microsoft.Sql/servers/skynet-ciber/databases/skynet/advisors/DropIndex'.",
            "type": "Microsoft.Sql/servers/databases/advisors",
            "name": "[concat(parameters('servers_skynet_ciber_name'), '/', parameters('databases_skynet_name'), '/', parameters('advisors_DropIndex_name_1'))]",
            "apiVersion": "2014-04-01",
            "scale": null,
            "properties": {
                "autoExecuteValue": "Disabled"
            },
            "dependsOn": [
                "[resourceId('Microsoft.Sql/servers', parameters('servers_skynet_ciber_name'))]",
                "[resourceId('Microsoft.Sql/servers/databases', parameters('servers_skynet_ciber_name'), parameters('databases_skynet_name'))]"
            ]
        },
        {
            "comments": "Generalized from resource: '/subscriptions/358784e2-1654-473c-8ae1-bfe42bde7586/resourceGroups/ResearchDevelopment/providers/Microsoft.Sql/servers/skynet-ciber/databases/skynet/advisors/DbParameterization'.",
            "type": "Microsoft.Sql/servers/databases/advisors",
            "name": "[concat(parameters('servers_skynet_ciber_name'), '/', parameters('databases_skynet_name'), '/', parameters('advisors_DbParameterization_name_1'))]",
            "apiVersion": "2014-04-01",
            "scale": null,
            "properties": {
                "autoExecuteValue": "Disabled"
            },
            "dependsOn": [
                "[resourceId('Microsoft.Sql/servers', parameters('servers_skynet_ciber_name'))]",
                "[resourceId('Microsoft.Sql/servers/databases', parameters('servers_skynet_ciber_name'), parameters('databases_skynet_name'))]"
            ]
        },
        {
            "comments": "Generalized from resource: '/subscriptions/358784e2-1654-473c-8ae1-bfe42bde7586/resourceGroups/ResearchDevelopment/providers/Microsoft.Sql/servers/skynet-ciber/databases/skynet/advisors/DefragmentIndex'.",
            "type": "Microsoft.Sql/servers/databases/advisors",
            "name": "[concat(parameters('servers_skynet_ciber_name'), '/', parameters('databases_skynet_name'), '/', parameters('advisors_DefragmentIndex_name_1'))]",
            "apiVersion": "2014-04-01",
            "scale": null,
            "properties": {
                "autoExecuteValue": "Disabled"
            },
            "dependsOn": [
                "[resourceId('Microsoft.Sql/servers', parameters('servers_skynet_ciber_name'))]",
                "[resourceId('Microsoft.Sql/servers/databases', parameters('servers_skynet_ciber_name'), parameters('databases_skynet_name'))]"
            ]
        },
        {
            "comments": "Generalized from resource: '/subscriptions/358784e2-1654-473c-8ae1-bfe42bde7586/resourceGroups/ResearchDevelopment/providers/Microsoft.Sql/servers/skynet-ciber/databases/skynet/advisors/ForceLastGoodPlan'.",
            "type": "Microsoft.Sql/servers/databases/advisors",
            "name": "[concat(parameters('servers_skynet_ciber_name'), '/', parameters('databases_skynet_name'), '/', parameters('advisors_ForceLastGoodPlan_name_1'))]",
            "apiVersion": "2014-04-01",
            "scale": null,
            "properties": {
                "autoExecuteValue": "Disabled"
            },
            "dependsOn": [
                "[resourceId('Microsoft.Sql/servers', parameters('servers_skynet_ciber_name'))]",
                "[resourceId('Microsoft.Sql/servers/databases', parameters('servers_skynet_ciber_name'), parameters('databases_skynet_name'))]"
            ]
        },
        {
            "comments": "Generalized from resource: '/subscriptions/358784e2-1654-473c-8ae1-bfe42bde7586/resourceGroups/ResearchDevelopment/providers/Microsoft.Sql/servers/skynet-ciber/databases/skynet/auditingPolicies/Default'.",
            "type": "Microsoft.Sql/servers/databases/auditingPolicies",
            "name": "[concat(parameters('servers_skynet_ciber_name'), '/', parameters('databases_skynet_name'), '/', parameters('auditingPolicies_Default_name_2'))]",
            "apiVersion": "2014-04-01",
            "location": "France Central",
            "scale": null,
            "properties": {
                "auditingState": "Disabled",
                "eventTypesToAudit": null,
                "storageAccountName": null,
                "storageAccountKey": null,
                "storageAccountSecondaryKey": null,
                "storageTableEndpoint": null,
                "storageAccountResourceGroupName": null,
                "storageAccountSubscriptionId": null,
                "useServerDefault": null,
                "fullAuditLogsTableName": null,
                "auditLogsTableName": null,
                "retentionDays": null
            },
            "dependsOn": [
                "[resourceId('Microsoft.Sql/servers', parameters('servers_skynet_ciber_name'))]",
                "[resourceId('Microsoft.Sql/servers/databases', parameters('servers_skynet_ciber_name'), parameters('databases_skynet_name'))]"
            ]
        },
        {
            "comments": "Generalized from resource: '/subscriptions/358784e2-1654-473c-8ae1-bfe42bde7586/resourceGroups/ResearchDevelopment/providers/Microsoft.Sql/servers/skynet-ciber/databases/skynet/geoBackupPolicies/Default'.",
            "type": "Microsoft.Sql/servers/databases/geoBackupPolicies",
            "name": "[concat(parameters('servers_skynet_ciber_name'), '/', parameters('databases_skynet_name'), '/', parameters('geoBackupPolicies_Default_name_1'))]",
            "apiVersion": "2014-04-01",
            "location": "France Central",
            "scale": null,
            "properties": {
                "state": "Enabled"
            },
            "dependsOn": [
                "[resourceId('Microsoft.Sql/servers', parameters('servers_skynet_ciber_name'))]",
                "[resourceId('Microsoft.Sql/servers/databases', parameters('servers_skynet_ciber_name'), parameters('databases_skynet_name'))]"
            ]
        },
        {
            "comments": "Generalized from resource: '/subscriptions/358784e2-1654-473c-8ae1-bfe42bde7586/resourceGroups/ResearchDevelopment/providers/Microsoft.Sql/servers/skynet-ciber/databases/skynet/transparentDataEncryption/current'.",
            "type": "Microsoft.Sql/servers/databases/transparentDataEncryption",
            "name": "[concat(parameters('servers_skynet_ciber_name'), '/', parameters('databases_skynet_name'), '/', parameters('transparentDataEncryption_current_name_1'))]",
            "apiVersion": "2014-04-01",
            "location": "France Central",
            "scale": null,
            "properties": {
                "status": "Enabled"
            },
            "dependsOn": [
                "[resourceId('Microsoft.Sql/servers', parameters('servers_skynet_ciber_name'))]",
                "[resourceId('Microsoft.Sql/servers/databases', parameters('servers_skynet_ciber_name'), parameters('databases_skynet_name'))]"
            ]
        },
        {
            "comments": "Generalized from resource: '/subscriptions/358784e2-1654-473c-8ae1-bfe42bde7586/resourceGroups/ResearchDevelopment/providers/Microsoft.Sql/servers/skynet-ciber/databases/skynet/vulnerabilityAssessments/Default'.",
            "type": "Microsoft.Sql/servers/databases/vulnerabilityAssessments",
            "name": "[concat(parameters('servers_skynet_ciber_name'), '/', parameters('databases_skynet_name'), '/', parameters('vulnerabilityAssessments_Default_name_1'))]",
            "apiVersion": "2017-03-01-preview",
            "scale": null,
            "properties": {
                "recurringScans": {
                    "isEnabled": false,
                    "emailSubscriptionAdmins": true
                },
                "storageContainerPath": "[parameters('vulnerabilityAssessments_Default_storageContainerPath_1')]",
                "storageContainerSasKey": "[parameters('vulnerabilityAssessments_Default_storageContainerSasKey_1')]"
            },
            "dependsOn": [
                "[resourceId('Microsoft.Sql/servers', parameters('servers_skynet_ciber_name'))]",
                "[resourceId('Microsoft.Sql/servers/databases', parameters('servers_skynet_ciber_name'), parameters('databases_skynet_name'))]"
            ]
        },
        {
            "comments": "Generalized from resource: '/subscriptions/358784e2-1654-473c-8ae1-bfe42bde7586/resourceGroups/ResearchDevelopment/providers/Microsoft.Web/sites/skynet-ciber/config/web'.",
            "type": "Microsoft.Web/sites/config",
            "name": "[concat(parameters('sites_skynet_ciber_name'), '/', parameters('config_web_name'))]",
            "apiVersion": "2016-08-01",
            "location": "Central US",
            "scale": null,
            "properties": {
                "numberOfWorkers": 1,
                "defaultDocuments": [
                    "Default.htm",
                    "Default.html",
                    "Default.asp",
                    "index.htm",
                    "index.html",
                    "iisstart.htm",
                    "default.aspx",
                    "index.php",
                    "hostingstart.html"
                ],
                "netFrameworkVersion": "v4.0",
                "phpVersion": "5.6",
                "pythonVersion": "",
                "nodeVersion": "",
                "linuxFxVersion": "",
                "windowsFxVersion": null,
                "requestTracingEnabled": false,
                "remoteDebuggingEnabled": false,
                "remoteDebuggingVersion": "VS2017",
                "httpLoggingEnabled": false,
                "logsDirectorySizeLimit": 35,
                "detailedErrorLoggingEnabled": false,
                "publishingUsername": "$skynet-ciber",
                "publishingPassword": null,
                "appSettings": null,
                "azureStorageAccounts": {},
                "metadata": null,
                "connectionStrings": null,
                "machineKey": null,
                "handlerMappings": null,
                "documentRoot": null,
                "scmType": "None",
                "use32BitWorkerProcess": true,
                "webSocketsEnabled": false,
                "alwaysOn": false,
                "javaVersion": null,
                "javaContainer": null,
                "javaContainerVersion": null,
                "appCommandLine": "",
                "managedPipelineMode": "Integrated",
                "virtualApplications": [
                    {
                        "virtualPath": "/",
                        "physicalPath": "site\\wwwroot",
                        "preloadEnabled": false,
                        "virtualDirectories": null
                    }
                ],
                "winAuthAdminState": 0,
                "winAuthTenantState": 0,
                "customAppPoolIdentityAdminState": false,
                "customAppPoolIdentityTenantState": false,
                "runtimeADUser": null,
                "runtimeADUserPassword": null,
                "loadBalancing": "LeastRequests",
                "routingRules": [],
                "experiments": {
                    "rampUpRules": []
                },
                "limits": null,
                "autoHealEnabled": false,
                "autoHealRules": null,
                "tracingOptions": null,
                "vnetName": "",
                "siteAuthEnabled": false,
                "siteAuthSettings": {
                    "enabled": null,
                    "unauthenticatedClientAction": null,
                    "tokenStoreEnabled": null,
                    "allowedExternalRedirectUrls": null,
                    "defaultProvider": null,
                    "clientId": null,
                    "clientSecret": null,
                    "issuer": null,
                    "allowedAudiences": null,
                    "additionalLoginParams": null,
                    "isAadAutoProvisioned": false,
                    "googleClientId": null,
                    "googleClientSecret": null,
                    "googleOAuthScopes": null,
                    "facebookAppId": null,
                    "facebookAppSecret": null,
                    "facebookOAuthScopes": null,
                    "twitterConsumerKey": null,
                    "twitterConsumerSecret": null,
                    "microsoftAccountClientId": null,
                    "microsoftAccountClientSecret": null,
                    "microsoftAccountOAuthScopes": null
                },
                "cors": {
                    "allowedOrigins": [
                        "*"
                    ]
                },
                "push": null,
                "apiDefinition": null,
                "autoSwapSlotName": null,
                "localMySqlEnabled": false,
                "managedServiceIdentityId": null,
                "xManagedServiceIdentityId": null,
                "ipSecurityRestrictions": null,
                "http20Enabled": false,
                "minTlsVersion": "1.2",
                "ftpsState": "AllAllowed",
                "reservedInstanceCount": 0
            },
            "dependsOn": [
                "[resourceId('Microsoft.Web/sites', parameters('sites_skynet_ciber_name'))]"
            ]
        },
        {
            "comments": "Generalized from resource: '/subscriptions/358784e2-1654-473c-8ae1-bfe42bde7586/resourceGroups/ResearchDevelopment/providers/Microsoft.Web/sites/skynet-ciber/hostNameBindings/skynet-ciber.azurewebsites.net'.",
            "type": "Microsoft.Web/sites/hostNameBindings",
            "name": "[concat(parameters('sites_skynet_ciber_name'), '/', parameters('hostNameBindings_skynet_ciber.azurewebsites.net_name'))]",
            "apiVersion": "2016-08-01",
            "location": "Central US",
            "scale": null,
            "properties": {
                "siteName": "skynet-ciber",
                "domainId": null,
                "hostNameType": "Verified"
            },
            "dependsOn": [
                "[resourceId('Microsoft.Web/sites', parameters('sites_skynet_ciber_name'))]"
            ]
        },
        {
            "comments": "Generalized from resource: '/subscriptions/358784e2-1654-473c-8ae1-bfe42bde7586/resourceGroups/ResearchDevelopment/providers/Microsoft.Web/sites/skynet-ciber-spa/config/web'.",
            "type": "Microsoft.Web/sites/config",
            "name": "[concat(parameters('sites_skynet_ciber_spa_name'), '/', parameters('config_web_name_1'))]",
            "apiVersion": "2016-08-01",
            "location": "Central US",
            "scale": null,
            "properties": {
                "numberOfWorkers": 1,
                "defaultDocuments": [
                    "Default.htm",
                    "Default.html",
                    "Default.asp",
                    "index.htm",
                    "index.html",
                    "iisstart.htm",
                    "default.aspx",
                    "index.php",
                    "hostingstart.html"
                ],
                "netFrameworkVersion": "v4.0",
                "phpVersion": "5.6",
                "pythonVersion": "",
                "nodeVersion": "",
                "linuxFxVersion": "",
                "windowsFxVersion": null,
                "requestTracingEnabled": false,
                "remoteDebuggingEnabled": false,
                "remoteDebuggingVersion": null,
                "httpLoggingEnabled": false,
                "logsDirectorySizeLimit": 35,
                "detailedErrorLoggingEnabled": false,
                "publishingUsername": "$skynet-ciber-spa",
                "publishingPassword": null,
                "appSettings": null,
                "azureStorageAccounts": {},
                "metadata": null,
                "connectionStrings": null,
                "machineKey": null,
                "handlerMappings": null,
                "documentRoot": null,
                "scmType": "None",
                "use32BitWorkerProcess": true,
                "webSocketsEnabled": false,
                "alwaysOn": false,
                "javaVersion": null,
                "javaContainer": null,
                "javaContainerVersion": null,
                "appCommandLine": "",
                "managedPipelineMode": "Integrated",
                "virtualApplications": [
                    {
                        "virtualPath": "/",
                        "physicalPath": "site\\wwwroot",
                        "preloadEnabled": false,
                        "virtualDirectories": null
                    }
                ],
                "winAuthAdminState": 0,
                "winAuthTenantState": 0,
                "customAppPoolIdentityAdminState": false,
                "customAppPoolIdentityTenantState": false,
                "runtimeADUser": null,
                "runtimeADUserPassword": null,
                "loadBalancing": "LeastRequests",
                "routingRules": [],
                "experiments": {
                    "rampUpRules": []
                },
                "limits": null,
                "autoHealEnabled": false,
                "autoHealRules": null,
                "tracingOptions": null,
                "vnetName": "",
                "siteAuthEnabled": false,
                "siteAuthSettings": {
                    "enabled": null,
                    "unauthenticatedClientAction": null,
                    "tokenStoreEnabled": null,
                    "allowedExternalRedirectUrls": null,
                    "defaultProvider": null,
                    "clientId": null,
                    "clientSecret": null,
                    "issuer": null,
                    "allowedAudiences": null,
                    "additionalLoginParams": null,
                    "isAadAutoProvisioned": false,
                    "googleClientId": null,
                    "googleClientSecret": null,
                    "googleOAuthScopes": null,
                    "facebookAppId": null,
                    "facebookAppSecret": null,
                    "facebookOAuthScopes": null,
                    "twitterConsumerKey": null,
                    "twitterConsumerSecret": null,
                    "microsoftAccountClientId": null,
                    "microsoftAccountClientSecret": null,
                    "microsoftAccountOAuthScopes": null
                },
                "cors": null,
                "push": null,
                "apiDefinition": null,
                "autoSwapSlotName": null,
                "localMySqlEnabled": false,
                "managedServiceIdentityId": null,
                "xManagedServiceIdentityId": null,
                "ipSecurityRestrictions": null,
                "http20Enabled": false,
                "minTlsVersion": "1.2",
                "ftpsState": "AllAllowed",
                "reservedInstanceCount": 0
            },
            "dependsOn": [
                "[resourceId('Microsoft.Web/sites', parameters('sites_skynet_ciber_spa_name'))]"
            ]
        },
        {
            "comments": "Generalized from resource: '/subscriptions/358784e2-1654-473c-8ae1-bfe42bde7586/resourceGroups/ResearchDevelopment/providers/Microsoft.Web/sites/skynet-ciber-spa/hostNameBindings/skynet-ciber-spa.azurewebsites.net'.",
            "type": "Microsoft.Web/sites/hostNameBindings",
            "name": "[concat(parameters('sites_skynet_ciber_spa_name'), '/', parameters('hostNameBindings_skynet_ciber_spa.azurewebsites.net_name'))]",
            "apiVersion": "2016-08-01",
            "location": "Central US",
            "scale": null,
            "properties": {
                "siteName": "skynet-ciber-spa",
                "domainId": null,
                "hostNameType": "Verified"
            },
            "dependsOn": [
                "[resourceId('Microsoft.Web/sites', parameters('sites_skynet_ciber_spa_name'))]"
            ]
        }
    ]
}